{"train_loss": [4.342039040156773, 3.994220542701292, 3.4947620790242118, 3.0253115422797925, 2.635203148895528, 2.251719740046051, 1.9998697945565889, 1.818141516668972, 1.5645918381678594, 1.3575585554172467, 1.1866664943240939, 1.0301308851221422, 0.9500893746619616, 0.8449486981738697, 0.7017166663557937, 0.6441684298185043, 0.574060264861945, 0.5388848371319956, 0.5091099173991711, 0.4352582882751118, 0.37133914541888546, 0.3855312474362262, 0.382303906532077, 0.32480560997863867, 0.2591963807741801, 0.2585793394934047, 0.25400667389233905, 0.21604999241890846, 0.2535254720485572], "val_loss": [4.193233003421706, 3.6255137579781667, 3.178479403865581, 2.618800017298484, 2.244252460343497, 1.9437975494229063, 1.7852087604756257, 1.5205998177431068, 1.2588244554947834, 1.111733850167722, 1.0149665024815773, 0.8872592789786202, 0.9044434330901321, 0.7498744519389405, 0.679320903456941, 0.635373838093816, 0.7104580511852187, 0.5270967872775331, 0.4845017194747925, 0.41629929201943533, 0.4453618082464958, 0.4635987865681551, 0.4704567120999706, 0.447357608347523, 0.4024438517434256, 0.4453455063761497, 0.43463037938487775, 0.4519454034007325, 0.43111460062922263], "train_acc": [0.023809523809523808, 0.05735930735930736, 0.08982683982683982, 0.16125541125541126, 0.23809523809523808, 0.3354978354978355, 0.39826839826839827, 0.4155844155844156, 0.5064935064935064, 0.5627705627705628, 0.6233766233766234, 0.6785714285714286, 0.683982683982684, 0.7088744588744589, 0.7608225108225108, 0.79004329004329, 0.801948051948052, 0.8225108225108225, 0.8398268398268398, 0.8668831168831169, 0.8885281385281385, 0.8896103896103896, 0.8755411255411255, 0.9036796536796536, 0.9253246753246753, 0.9199134199134199, 0.933982683982684, 0.933982683982684, 0.922077922077922], "val_acc": [0.03571428571428571, 0.12244897959183673, 0.16326530612244897, 0.28061224489795916, 0.3622448979591837, 0.40816326530612246, 0.42346938775510207, 0.5612244897959183, 0.6632653061224489, 0.6683673469387755, 0.6938775510204082, 0.75, 0.6989795918367347, 0.7551020408163265, 0.7653061224489796, 0.7959183673469388, 0.75, 0.826530612244898, 0.8877551020408163, 0.8673469387755102, 0.8469387755102041, 0.8367346938775511, 0.8367346938775511, 0.8571428571428571, 0.8622448979591837, 0.8520408163265306, 0.8622448979591837, 0.8469387755102041, 0.8571428571428571], "lr": [0.001, 0.001, 0.001, 0.001, 0.001, 0.001, 0.001, 0.001, 0.001, 0.001, 0.001, 0.001, 0.001, 0.001, 0.001, 0.001, 0.001, 0.001, 0.001, 0.001, 0.001, 0.001, 0.001, 0.001, 0.001, 0.001, 0.001, 0.001, 0.001], "epochs": [1, 2, 3, 4, 5, 6, 7, 8, 9, 10, 11, 12, 13, 14, 15, 16, 17, 18, 19, 20, 21, 22, 23, 24, 25, 26, 27, 28, 29]}